{
    "dist_gap_mean": 0.2461491339674,
    "dist_gap_std": 0.3530600850744,
    "time_gap_mean": 0.7126660985,
    "time_gap_std": 11.287178785,
    "lngs_mean": 127.04655204,
    "lngs_std": 0.0480618745,
    "lats_mean": 37.5045222667,
    "lats_std": 0.021345182392,
    "dist_mean": 6.050835008,
    "dist_std": 4.88334449742,
    "time_mean": 1021.1953959191,
    "time_std": 697.39758254227,
    "train_set": ["data_02"],
    "eval_set": ["data_02"],
    "test_set": ["data_01"]
}
